unidade;ano;mes;grupo;subgrupo;exames
CHPB;2025;1;Procedimentos com finalidade diagnóstica;Diagnóstico em laboratório clínico;1755
CHPB;2025;1;Procedimentos com finalidade diagnóstica;Diagnóstico por radiologia;17
CHPB;2025;1;Procedimentos com finalidade diagnóstica;Diagnóstico por teste rápido;1507
CHPB;2025;1;Procedimentos com finalidade diagnóstica;Diagnóstico por tomografia;12
CHPB;2025;1;Procedimentos com finalidade diagnóstica;Diagnóstico por ultrasonografia;10
CHPB;2025;1;Procedimentos com finalidade diagnóstica;Métodos diagnósticos em especialidades;297
CHPB;2025;2;Procedimentos com finalidade diagnóstica;Diagnóstico em laboratório clínico;1781
CHPB;2025;2;Procedimentos com finalidade diagnóstica;Diagnóstico por radiologia;15
CHPB;2025;2;Procedimentos com finalidade diagnóstica;Diagnóstico por teste rápido;1352
CHPB;2025;2;Procedimentos com finalidade diagnóstica;Diagnóstico por tomografia;15
CHPB;2025;2;Procedimentos com finalidade diagnóstica;Diagnóstico por ultrasonografia;14
CHPB;2025;2;Procedimentos com finalidade diagnóstica;Métodos diagnósticos em especialidades;338
CHPB;2025;3;Procedimentos com finalidade diagnóstica;Diagnóstico em laboratório clínico;1426
CHPB;2025;3;Procedimentos com finalidade diagnóstica;Diagnóstico por radiologia;12
CHPB;2025;3;Procedimentos com finalidade diagnóstica;Diagnóstico por teste rápido;1489
CHPB;2025;3;Procedimentos com finalidade diagnóstica;Diagnóstico por tomografia;21
CHPB;2025;3;Procedimentos com finalidade diagnóstica;Diagnóstico por ultrasonografia;28
CHPB;2025;3;Procedimentos com finalidade diagnóstica;Métodos diagnósticos em especialidades;392
CHPB;2025;4;Procedimentos com finalidade diagnóstica;Diagnóstico em laboratório clínico;1381
CHPB;2025;4;Procedimentos com finalidade diagnóstica;Diagnóstico por radiologia;4
CHPB;2025;4;Procedimentos com finalidade diagnóstica;Diagnóstico por ressonância magnética;3
CHPB;2025;4;Procedimentos com finalidade diagnóstica;Diagnóstico por teste rápido;1305
CHPB;2025;4;Procedimentos com finalidade diagnóstica;Diagnóstico por tomografia;26
CHPB;2025;4;Procedimentos com finalidade diagnóstica;Diagnóstico por ultrasonografia;27
CHPB;2025;4;Procedimentos com finalidade diagnóstica;Métodos diagnósticos em especialidades;276
CHPB;2025;5;Procedimentos com finalidade diagnóstica;Diagnóstico em laboratório clínico;1618
CHPB;2025;5;Procedimentos com finalidade diagnóstica;Diagnóstico por radiologia;20
CHPB;2025;5;Procedimentos com finalidade diagnóstica;Diagnóstico por teste rápido;1016
CHPB;2025;5;Procedimentos com finalidade diagnóstica;Diagnóstico por tomografia;12
CHPB;2025;5;Procedimentos com finalidade diagnóstica;Diagnóstico por ultrasonografia;19
CHPB;2025;5;Procedimentos com finalidade diagnóstica;Métodos diagnósticos em especialidades;290
CHPB;2025;6;Procedimentos com finalidade diagnóstica;Diagnóstico em laboratório clínico;1989
CHPB;2025;6;Procedimentos com finalidade diagnóstica;Diagnóstico por radiologia;21
CHPB;2025;6;Procedimentos com finalidade diagnóstica;Diagnóstico por teste rápido;919
CHPB;2025;6;Procedimentos com finalidade diagnóstica;Diagnóstico por tomografia;31
CHPB;2025;6;Procedimentos com finalidade diagnóstica;Diagnóstico por ultrasonografia;9
CHPB;2025;6;Procedimentos com finalidade diagnóstica;Métodos diagnósticos em especialidades;310
CHPB;2025;7;Procedimentos com finalidade diagnóstica;Diagnóstico em laboratório clínico;2189
CHPB;2025;7;Procedimentos com finalidade diagnóstica;Diagnóstico por radiologia;18
CHPB;2025;7;Procedimentos com finalidade diagnóstica;Diagnóstico por ressonância magnética;1
CHPB;2025;7;Procedimentos com finalidade diagnóstica;Diagnóstico por teste rápido;1148
CHPB;2025;7;Procedimentos com finalidade diagnóstica;Diagnóstico por tomografia;18
CHPB;2025;7;Procedimentos com finalidade diagnóstica;Diagnóstico por ultrasonografia;12
CHPB;2025;7;Procedimentos com finalidade diagnóstica;Métodos diagnósticos em especialidades;370
CHPB;2025;8;Procedimentos com finalidade diagnóstica;Diagnóstico em laboratório clínico;1978
CHPB;2025;8;Procedimentos com finalidade diagnóstica;Diagnóstico por radiologia;21
CHPB;2025;8;Procedimentos com finalidade diagnóstica;Diagnóstico por teste rápido;1314
CHPB;2025;8;Procedimentos com finalidade diagnóstica;Diagnóstico por tomografia;10
CHPB;2025;8;Procedimentos com finalidade diagnóstica;Diagnóstico por ultrasonografia;9
CHPB;2025;8;Procedimentos com finalidade diagnóstica;Métodos diagnósticos em especialidades;306
CHPB;2025;9;Procedimentos com finalidade diagnóstica;Diagnóstico em laboratório clínico;1681
CHPB;2025;9;Procedimentos com finalidade diagnóstica;Diagnóstico por radiologia;9
CHPB;2025;9;Procedimentos com finalidade diagnóstica;Diagnóstico por ressonância magnética;1
CHPB;2025;9;Procedimentos com finalidade diagnóstica;Diagnóstico por teste rápido;917
CHPB;2025;9;Procedimentos com finalidade diagnóstica;Diagnóstico por tomografia;17
CHPB;2025;9;Procedimentos com finalidade diagnóstica;Diagnóstico por ultrasonografia;16
CHPB;2025;9;Procedimentos com finalidade diagnóstica;Métodos diagnósticos em especialidades;313
CHPB;2025;10;Procedimentos com finalidade diagnóstica;Diagnóstico em laboratório clínico;2110
CHPB;2025;10;Procedimentos com finalidade diagnóstica;Diagnóstico em vigilância epidemiológica e ambiental;1
CHPB;2025;10;Procedimentos com finalidade diagnóstica;Diagnóstico por radiologia;6
CHPB;2025;10;Procedimentos com finalidade diagnóstica;Diagnóstico por teste rápido;1182
CHPB;2025;10;Procedimentos com finalidade diagnóstica;Diagnóstico por tomografia;23
CHPB;2025;10;Procedimentos com finalidade diagnóstica;Diagnóstico por ultrasonografia;16
CHPB;2025;10;Procedimentos com finalidade diagnóstica;Métodos diagnósticos em especialidades;430
CHPB;2025;11;Procedimentos com finalidade diagnóstica;Diagnóstico em laboratório clínico;1898
CHPB;2025;11;Procedimentos com finalidade diagnóstica;Diagnóstico por radiologia;10
CHPB;2025;11;Procedimentos com finalidade diagnóstica;Diagnóstico por teste rápido;1251
CHPB;2025;11;Procedimentos com finalidade diagnóstica;Diagnóstico por tomografia;17
CHPB;2025;11;Procedimentos com finalidade diagnóstica;Diagnóstico por ultrasonografia;9
CHPB;2025;11;Procedimentos com finalidade diagnóstica;Métodos diagnósticos em especialidades;478
CSSFE;2025;1;Procedimentos com finalidade diagnóstica;Diagnóstico em laboratório clínico;1168
CSSFE;2025;1;Procedimentos com finalidade diagnóstica;Diagnóstico por radiologia;9
CSSFE;2025;1;Procedimentos com finalidade diagnóstica;Diagnóstico por teste rápido;585
CSSFE;2025;2;Procedimentos com finalidade diagnóstica;Diagnóstico em laboratório clínico;1050
CSSFE;2025;2;Procedimentos com finalidade diagnóstica;Diagnóstico por radiologia;4
CSSFE;2025;2;Procedimentos com finalidade diagnóstica;Diagnóstico por teste rápido;384
CSSFE;2025;2;Procedimentos com finalidade diagnóstica;Métodos diagnósticos em especialidades;2
CSSFE;2025;3;Procedimentos com finalidade diagnóstica;Diagnóstico em laboratório clínico;1616
CSSFE;2025;3;Procedimentos com finalidade diagnóstica;Diagnóstico por radiologia;1
CSSFE;2025;3;Procedimentos com finalidade diagnóstica;Diagnóstico por teste rápido;471
CSSFE;2025;4;Procedimentos com finalidade diagnóstica;Diagnóstico em laboratório clínico;1698
CSSFE;2025;4;Procedimentos com finalidade diagnóstica;Diagnóstico por teste rápido;484
CSSFE;2025;4;Procedimentos com finalidade diagnóstica;Métodos diagnósticos em especialidades;2
CSSFE;2025;5;Procedimentos com finalidade diagnóstica;Diagnóstico em laboratório clínico;951
CSSFE;2025;5;Procedimentos com finalidade diagnóstica;Diagnóstico por teste rápido;459
CSSFE;2025;6;Procedimentos com finalidade diagnóstica;Diagnóstico em laboratório clínico;36
CSSFE;2025;6;Procedimentos com finalidade diagnóstica;Diagnóstico por teste rápido;318
CSSFE;2025;7;Procedimentos com finalidade diagnóstica;Diagnóstico por teste rápido;232
CSSFE;2025;8;Procedimentos com finalidade diagnóstica;Diagnóstico por teste rápido;3
CSSFE;2025;10;Procedimentos com finalidade diagnóstica;Diagnóstico por teste rápido;7
CSSI;2025;1;Procedimentos com finalidade diagnóstica;Diagnóstico em laboratório clínico;3933
CSSI;2025;1;Procedimentos com finalidade diagnóstica;Diagnóstico por radiologia;280
CSSI;2025;1;Procedimentos com finalidade diagnóstica;Diagnóstico por teste rápido;1187
CSSI;2025;1;Procedimentos com finalidade diagnóstica;Métodos diagnósticos em especialidades;118
CSSI;2025;2;Procedimentos com finalidade diagnóstica;Diagnóstico em laboratório clínico;3390
CSSI;2025;2;Procedimentos com finalidade diagnóstica;Diagnóstico por radiologia;403
CSSI;2025;2;Procedimentos com finalidade diagnóstica;Diagnóstico por teste rápido;1165
CSSI;2025;2;Procedimentos com finalidade diagnóstica;Métodos diagnósticos em especialidades;232
CSSI;2025;3;Procedimentos com finalidade diagnóstica;Diagnóstico em laboratório clínico;3762
CSSI;2025;3;Procedimentos com finalidade diagnóstica;Diagnóstico por radiologia;265
CSSI;2025;3;Procedimentos com finalidade diagnóstica;Diagnóstico por teste rápido;1578
CSSI;2025;3;Procedimentos com finalidade diagnóstica;Métodos diagnósticos em especialidades;324
CSSI;2025;4;Procedimentos com finalidade diagnóstica;Diagnóstico em laboratório clínico;3365
CSSI;2025;4;Procedimentos com finalidade diagnóstica;Diagnóstico por radiologia;48
CSSI;2025;4;Procedimentos com finalidade diagnóstica;Diagnóstico por teste rápido;1567
CSSI;2025;4;Procedimentos com finalidade diagnóstica;Métodos diagnósticos em especialidades;322
CSSI;2025;5;Procedimentos com finalidade diagnóstica;Diagnóstico em laboratório clínico;3209
CSSI;2025;5;Procedimentos com finalidade diagnóstica;Diagnóstico por radiologia;59
CSSI;2025;5;Procedimentos com finalidade diagnóstica;Diagnóstico por teste rápido;1721
CSSI;2025;5;Procedimentos com finalidade diagnóstica;Métodos diagnósticos em especialidades;372
CSSI;2025;6;Procedimentos com finalidade diagnóstica;Diagnóstico em laboratório clínico;2986
CSSI;2025;6;Procedimentos com finalidade diagnóstica;Diagnóstico por radiologia;7
CSSI;2025;6;Procedimentos com finalidade diagnóstica;Diagnóstico por teste rápido;1987
CSSI;2025;6;Procedimentos com finalidade diagnóstica;Métodos diagnósticos em especialidades;334
CSSI;2025;7;Procedimentos com finalidade diagnóstica;Diagnóstico em laboratório clínico;3423
CSSI;2025;7;Procedimentos com finalidade diagnóstica;Diagnóstico em vigilância epidemiológica e ambiental;1
CSSI;2025;7;Procedimentos com finalidade diagnóstica;Diagnóstico por radiologia;10
CSSI;2025;7;Procedimentos com finalidade diagnóstica;Diagnóstico por teste rápido;1855
CSSI;2025;7;Procedimentos com finalidade diagnóstica;Métodos diagnósticos em especialidades;395
CSSI;2025;8;Procedimentos com finalidade diagnóstica;Diagnóstico em laboratório clínico;3940
CSSI;2025;8;Procedimentos com finalidade diagnóstica;Diagnóstico por radiologia;355
CSSI;2025;8;Procedimentos com finalidade diagnóstica;Diagnóstico por teste rápido;1888
CSSI;2025;8;Procedimentos com finalidade diagnóstica;Métodos diagnósticos em especialidades;330
CSSI;2025;9;Procedimentos com finalidade diagnóstica;Diagnóstico em laboratório clínico;4130
CSSI;2025;9;Procedimentos com finalidade diagnóstica;Diagnóstico por radiologia;425
CSSI;2025;9;Procedimentos com finalidade diagnóstica;Diagnóstico por teste rápido;1684
CSSI;2025;9;Procedimentos com finalidade diagnóstica;Métodos diagnósticos em especialidades;206
CSSI;2025;10;Procedimentos com finalidade diagnóstica;Diagnóstico em laboratório clínico;4015
CSSI;2025;10;Procedimentos com finalidade diagnóstica;Diagnóstico por radiologia;412
CSSI;2025;10;Procedimentos com finalidade diagnóstica;Diagnóstico por teste rápido;2220
CSSI;2025;10;Procedimentos com finalidade diagnóstica;Métodos diagnósticos em especialidades;83
CSSI;2025;11;Procedimentos com finalidade diagnóstica;Diagnóstico em laboratório clínico;3820
CSSI;2025;11;Procedimentos com finalidade diagnóstica;Diagnóstico por radiologia;310
CSSI;2025;11;Procedimentos com finalidade diagnóstica;Diagnóstico por teste rápido;1913
CSSI;2025;11;Procedimentos com finalidade diagnóstica;Métodos diagnósticos em especialidades;93
HAC;2025;8;Procedimentos com finalidade diagnóstica;Diagnóstico em laboratório clínico;1
HAC;2025;10;Procedimentos com finalidade diagnóstica;Coleta de material;7
HAC;2025;10;Procedimentos com finalidade diagnóstica;Diagnóstico e procedimentos especiais em hemoterapia;48
HAC;2025;10;Procedimentos com finalidade diagnóstica;Diagnóstico em laboratório clínico;16239
HAC;2025;10;Procedimentos com finalidade diagnóstica;Diagnóstico em vigilância epidemiológica e ambiental;1
HAC;2025;10;Procedimentos com finalidade diagnóstica;Diagnóstico por anatomia patológica e citopatologia;105
HAC;2025;10;Procedimentos com finalidade diagnóstica;Diagnóstico por endoscopia;110
HAC;2025;10;Procedimentos com finalidade diagnóstica;Diagnóstico por radiologia;441
HAC;2025;10;Procedimentos com finalidade diagnóstica;Diagnóstico por teste rápido;1977
HAC;2025;10;Procedimentos com finalidade diagnóstica;Diagnóstico por tomografia;1
HAC;2025;10;Procedimentos com finalidade diagnóstica;Diagnóstico por ultrasonografia;186
HAC;2025;10;Procedimentos com finalidade diagnóstica;Métodos diagnósticos em especialidades;245
HAC;2025;11;Procedimentos com finalidade diagnóstica;Coleta de material;29
HAC;2025;11;Procedimentos com finalidade diagnóstica;Diagnóstico e procedimentos especiais em hemoterapia;93
HAC;2025;11;Procedimentos com finalidade diagnóstica;Diagnóstico em laboratório clínico;29984
HAC;2025;11;Procedimentos com finalidade diagnóstica;Diagnóstico em vigilância epidemiológica e ambiental;4
HAC;2025;11;Procedimentos com finalidade diagnóstica;Diagnóstico por anatomia patológica e citopatologia;180
HAC;2025;11;Procedimentos com finalidade diagnóstica;Diagnóstico por endoscopia;141
HAC;2025;11;Procedimentos com finalidade diagnóstica;Diagnóstico por radiologia;848
HAC;2025;11;Procedimentos com finalidade diagnóstica;Diagnóstico por teste rápido;3376
HAC;2025;11;Procedimentos com finalidade diagnóstica;Diagnóstico por ultrasonografia;372
HAC;2025;11;Procedimentos com finalidade diagnóstica;Métodos diagnósticos em especialidades;252
HCM;2025;11;Procedimentos com finalidade diagnóstica;Diagnóstico em laboratório clínico;94
HCM;2025;11;Procedimentos com finalidade diagnóstica;Diagnóstico por anatomia patológica e citopatologia;1
HCM;2025;11;Procedimentos com finalidade diagnóstica;Diagnóstico por radiologia;2
HCM;2025;11;Procedimentos com finalidade diagnóstica;Diagnóstico por teste rápido;117
HEM;2025;5;Procedimentos com finalidade diagnóstica;Diagnóstico em laboratório clínico;7
HEM;2025;6;;;3
HEM;2025;6;Procedimentos com finalidade diagnóstica;Coleta de material;53
HEM;2025;6;Procedimentos com finalidade diagnóstica;Diagnóstico em laboratório clínico;14940
HEM;2025;6;Procedimentos com finalidade diagnóstica;Diagnóstico em vigilância epidemiológica e ambiental;36
HEM;2025;6;Procedimentos com finalidade diagnóstica;Diagnóstico por anatomia patológica e citopatologia;7
HEM;2025;6;Procedimentos com finalidade diagnóstica;Diagnóstico por endoscopia;2
HEM;2025;6;Procedimentos com finalidade diagnóstica;Diagnóstico por radiologia;198
HEM;2025;6;Procedimentos com finalidade diagnóstica;Diagnóstico por teste rápido;3127
HEM;2025;6;Procedimentos com finalidade diagnóstica;Diagnóstico por tomografia;204
HEM;2025;6;Procedimentos com finalidade diagnóstica;Diagnóstico por ultrasonografia;85
HEM;2025;6;Procedimentos com finalidade diagnóstica;Métodos diagnósticos em especialidades;197
HEM;2025;7;Procedimentos com finalidade diagnóstica;Coleta de material;60
HEM;2025;7;Procedimentos com finalidade diagnóstica;Diagnóstico em laboratório clínico;28437
HEM;2025;7;Procedimentos com finalidade diagnóstica;Diagnóstico em vigilância epidemiológica e ambiental;131
HEM;2025;7;Procedimentos com finalidade diagnóstica;Diagnóstico por anatomia patológica e citopatologia;49
HEM;2025;7;Procedimentos com finalidade diagnóstica;Diagnóstico por radiologia;385
HEM;2025;7;Procedimentos com finalidade diagnóstica;Diagnóstico por teste rápido;4951
HEM;2025;7;Procedimentos com finalidade diagnóstica;Diagnóstico por tomografia;309
HEM;2025;7;Procedimentos com finalidade diagnóstica;Diagnóstico por ultrasonografia;100
HEM;2025;7;Procedimentos com finalidade diagnóstica;Métodos diagnósticos em especialidades;294
HEM;2025;8;Procedimentos com finalidade diagnóstica;Coleta de material;59
HEM;2025;8;Procedimentos com finalidade diagnóstica;Diagnóstico em laboratório clínico;25115
HEM;2025;8;Procedimentos com finalidade diagnóstica;Diagnóstico em vigilância epidemiológica e ambiental;116
HEM;2025;8;Procedimentos com finalidade diagnóstica;Diagnóstico por anatomia patológica e citopatologia;52
HEM;2025;8;Procedimentos com finalidade diagnóstica;Diagnóstico por radiologia;384
HEM;2025;8;Procedimentos com finalidade diagnóstica;Diagnóstico por teste rápido;4678
HEM;2025;8;Procedimentos com finalidade diagnóstica;Diagnóstico por tomografia;403
HEM;2025;8;Procedimentos com finalidade diagnóstica;Diagnóstico por ultrasonografia;106
HEM;2025;8;Procedimentos com finalidade diagnóstica;Métodos diagnósticos em especialidades;122
HEM;2025;9;Procedimentos com finalidade diagnóstica;Coleta de material;63
HEM;2025;9;Procedimentos com finalidade diagnóstica;Diagnóstico em laboratório clínico;25373
HEM;2025;9;Procedimentos com finalidade diagnóstica;Diagnóstico em vigilância epidemiológica e ambiental;103
HEM;2025;9;Procedimentos com finalidade diagnóstica;Diagnóstico por anatomia patológica e citopatologia;49
HEM;2025;9;Procedimentos com finalidade diagnóstica;Diagnóstico por endoscopia;1
HEM;2025;9;Procedimentos com finalidade diagnóstica;Diagnóstico por radiologia;347
HEM;2025;9;Procedimentos com finalidade diagnóstica;Diagnóstico por teste rápido;4391
HEM;2025;9;Procedimentos com finalidade diagnóstica;Diagnóstico por tomografia;389
HEM;2025;9;Procedimentos com finalidade diagnóstica;Diagnóstico por ultrasonografia;119
HEM;2025;9;Procedimentos com finalidade diagnóstica;Métodos diagnósticos em especialidades;76
HEM;2025;10;Procedimentos com finalidade diagnóstica;Coleta de material;57
HEM;2025;10;Procedimentos com finalidade diagnóstica;Diagnóstico em laboratório clínico;25819
HEM;2025;10;Procedimentos com finalidade diagnóstica;Diagnóstico em vigilância epidemiológica e ambiental;115
HEM;2025;10;Procedimentos com finalidade diagnóstica;Diagnóstico por anatomia patológica e citopatologia;54
HEM;2025;10;Procedimentos com finalidade diagnóstica;Diagnóstico por radiologia;334
HEM;2025;10;Procedimentos com finalidade diagnóstica;Diagnóstico por ressonância magnética;1
HEM;2025;10;Procedimentos com finalidade diagnóstica;Diagnóstico por teste rápido;3475
HEM;2025;10;Procedimentos com finalidade diagnóstica;Diagnóstico por tomografia;338
HEM;2025;10;Procedimentos com finalidade diagnóstica;Diagnóstico por ultrasonografia;128
HEM;2025;10;Procedimentos com finalidade diagnóstica;Métodos diagnósticos em especialidades;187
HEM;2025;11;Procedimentos com finalidade diagnóstica;Coleta de material;45
HEM;2025;11;Procedimentos com finalidade diagnóstica;Diagnóstico em laboratório clínico;23760
HEM;2025;11;Procedimentos com finalidade diagnóstica;Diagnóstico em vigilância epidemiológica e ambiental;107
HEM;2025;11;Procedimentos com finalidade diagnóstica;Diagnóstico por anatomia patológica e citopatologia;56
HEM;2025;11;Procedimentos com finalidade diagnóstica;Diagnóstico por radiologia;313
HEM;2025;11;Procedimentos com finalidade diagnóstica;Diagnóstico por ressonância magnética;1
HEM;2025;11;Procedimentos com finalidade diagnóstica;Diagnóstico por teste rápido;2787
HEM;2025;11;Procedimentos com finalidade diagnóstica;Diagnóstico por tomografia;369
HEM;2025;11;Procedimentos com finalidade diagnóstica;Diagnóstico por ultrasonografia;91
HEM;2025;11;Procedimentos com finalidade diagnóstica;Métodos diagnósticos em especialidades;225
HRBJA;2025;1;Procedimentos com finalidade diagnóstica;Diagnóstico e procedimentos especiais em hemoterapia;77
HRBJA;2025;1;Procedimentos com finalidade diagnóstica;Diagnóstico em laboratório clínico;31398
HRBJA;2025;1;Procedimentos com finalidade diagnóstica;Diagnóstico por anatomia patológica e citopatologia;19
HRBJA;2025;1;Procedimentos com finalidade diagnóstica;Diagnóstico por endoscopia;29
HRBJA;2025;1;Procedimentos com finalidade diagnóstica;Diagnóstico por radiologia;1860
HRBJA;2025;1;Procedimentos com finalidade diagnóstica;Diagnóstico por ressonância magnética;26
HRBJA;2025;1;Procedimentos com finalidade diagnóstica;Diagnóstico por teste rápido;8224
HRBJA;2025;1;Procedimentos com finalidade diagnóstica;Diagnóstico por tomografia;961
HRBJA;2025;1;Procedimentos com finalidade diagnóstica;Diagnóstico por ultrasonografia;310
HRBJA;2025;1;Procedimentos com finalidade diagnóstica;Métodos diagnósticos em especialidades;1078
HRBJA;2025;2;Procedimentos com finalidade diagnóstica;Diagnóstico e procedimentos especiais em hemoterapia;53
HRBJA;2025;2;Procedimentos com finalidade diagnóstica;Diagnóstico em laboratório clínico;28526
HRBJA;2025;2;Procedimentos com finalidade diagnóstica;Diagnóstico por anatomia patológica e citopatologia;11
HRBJA;2025;2;Procedimentos com finalidade diagnóstica;Diagnóstico por endoscopia;20
HRBJA;2025;2;Procedimentos com finalidade diagnóstica;Diagnóstico por radiologia;1645
HRBJA;2025;2;Procedimentos com finalidade diagnóstica;Diagnóstico por ressonância magnética;14
HRBJA;2025;2;Procedimentos com finalidade diagnóstica;Diagnóstico por teste rápido;8077
HRBJA;2025;2;Procedimentos com finalidade diagnóstica;Diagnóstico por tomografia;892
HRBJA;2025;2;Procedimentos com finalidade diagnóstica;Diagnóstico por ultrasonografia;221
HRBJA;2025;2;Procedimentos com finalidade diagnóstica;Métodos diagnósticos em especialidades;1181
HRBJA;2025;3;Procedimentos com finalidade diagnóstica;Coleta de material;1
HRBJA;2025;3;Procedimentos com finalidade diagnóstica;Diagnóstico e procedimentos especiais em hemoterapia;59
HRBJA;2025;3;Procedimentos com finalidade diagnóstica;Diagnóstico em laboratório clínico;28194
HRBJA;2025;3;Procedimentos com finalidade diagnóstica;Diagnóstico por anatomia patológica e citopatologia;17
HRBJA;2025;3;Procedimentos com finalidade diagnóstica;Diagnóstico por endoscopia;31
HRBJA;2025;3;Procedimentos com finalidade diagnóstica;Diagnóstico por radiologia;1948
HRBJA;2025;3;Procedimentos com finalidade diagnóstica;Diagnóstico por ressonância magnética;16
HRBJA;2025;3;Procedimentos com finalidade diagnóstica;Diagnóstico por teste rápido;8920
HRBJA;2025;3;Procedimentos com finalidade diagnóstica;Diagnóstico por tomografia;1053
HRBJA;2025;3;Procedimentos com finalidade diagnóstica;Diagnóstico por ultrasonografia;257
HRBJA;2025;3;Procedimentos com finalidade diagnóstica;Métodos diagnósticos em especialidades;1370
HRBJA;2025;4;Procedimentos com finalidade diagnóstica;Diagnóstico e procedimentos especiais em hemoterapia;61
HRBJA;2025;4;Procedimentos com finalidade diagnóstica;Diagnóstico em laboratório clínico;27846
HRBJA;2025;4;Procedimentos com finalidade diagnóstica;Diagnóstico por anatomia patológica e citopatologia;6
HRBJA;2025;4;Procedimentos com finalidade diagnóstica;Diagnóstico por endoscopia;23
HRBJA;2025;4;Procedimentos com finalidade diagnóstica;Diagnóstico por radiologia;1930
HRBJA;2025;4;Procedimentos com finalidade diagnóstica;Diagnóstico por ressonância magnética;14
HRBJA;2025;4;Procedimentos com finalidade diagnóstica;Diagnóstico por teste rápido;8230
HRBJA;2025;4;Procedimentos com finalidade diagnóstica;Diagnóstico por tomografia;1073
HRBJA;2025;4;Procedimentos com finalidade diagnóstica;Diagnóstico por ultrasonografia;258
HRBJA;2025;4;Procedimentos com finalidade diagnóstica;Métodos diagnósticos em especialidades;1215
HRBJA;2025;5;Procedimentos com finalidade diagnóstica;Coleta de material;2
HRBJA;2025;5;Procedimentos com finalidade diagnóstica;Diagnóstico e procedimentos especiais em hemoterapia;74
HRBJA;2025;5;Procedimentos com finalidade diagnóstica;Diagnóstico em laboratório clínico;30543
HRBJA;2025;5;Procedimentos com finalidade diagnóstica;Diagnóstico por anatomia patológica e citopatologia;14
HRBJA;2025;5;Procedimentos com finalidade diagnóstica;Diagnóstico por endoscopia;21
HRBJA;2025;5;Procedimentos com finalidade diagnóstica;Diagnóstico por radiologia;2031
HRBJA;2025;5;Procedimentos com finalidade diagnóstica;Diagnóstico por ressonância magnética;23
HRBJA;2025;5;Procedimentos com finalidade diagnóstica;Diagnóstico por teste rápido;8880
HRBJA;2025;5;Procedimentos com finalidade diagnóstica;Diagnóstico por tomografia;1158
HRBJA;2025;5;Procedimentos com finalidade diagnóstica;Diagnóstico por ultrasonografia;328
HRBJA;2025;5;Procedimentos com finalidade diagnóstica;Métodos diagnósticos em especialidades;1349
HRBJA;2025;6;Procedimentos com finalidade diagnóstica;Coleta de material;1
HRBJA;2025;6;Procedimentos com finalidade diagnóstica;Diagnóstico e procedimentos especiais em hemoterapia;53
HRBJA;2025;6;Procedimentos com finalidade diagnóstica;Diagnóstico em laboratório clínico;27788
HRBJA;2025;6;Procedimentos com finalidade diagnóstica;Diagnóstico por anatomia patológica e citopatologia;7
HRBJA;2025;6;Procedimentos com finalidade diagnóstica;Diagnóstico por endoscopia;32
HRBJA;2025;6;Procedimentos com finalidade diagnóstica;Diagnóstico por radiologia;1956
HRBJA;2025;6;Procedimentos com finalidade diagnóstica;Diagnóstico por radiologia intervencionista;2
HRBJA;2025;6;Procedimentos com finalidade diagnóstica;Diagnóstico por ressonância magnética;23
HRBJA;2025;6;Procedimentos com finalidade diagnóstica;Diagnóstico por teste rápido;8355
HRBJA;2025;6;Procedimentos com finalidade diagnóstica;Diagnóstico por tomografia;1168
HRBJA;2025;6;Procedimentos com finalidade diagnóstica;Diagnóstico por ultrasonografia;283
HRBJA;2025;6;Procedimentos com finalidade diagnóstica;Métodos diagnósticos em especialidades;1359
HRBJA;2025;7;Procedimentos com finalidade diagnóstica;Diagnóstico e procedimentos especiais em hemoterapia;72
HRBJA;2025;7;Procedimentos com finalidade diagnóstica;Diagnóstico em laboratório clínico;30716
HRBJA;2025;7;Procedimentos com finalidade diagnóstica;Diagnóstico por anatomia patológica e citopatologia;9
HRBJA;2025;7;Procedimentos com finalidade diagnóstica;Diagnóstico por endoscopia;31
HRBJA;2025;7;Procedimentos com finalidade diagnóstica;Diagnóstico por radiologia;2213
HRBJA;2025;7;Procedimentos com finalidade diagnóstica;Diagnóstico por ressonância magnética;10
HRBJA;2025;7;Procedimentos com finalidade diagnóstica;Diagnóstico por teste rápido;9660
HRBJA;2025;7;Procedimentos com finalidade diagnóstica;Diagnóstico por tomografia;1163
HRBJA;2025;7;Procedimentos com finalidade diagnóstica;Diagnóstico por ultrasonografia;295
HRBJA;2025;7;Procedimentos com finalidade diagnóstica;Métodos diagnósticos em especialidades;1465
HRBJA;2025;8;Procedimentos com finalidade diagnóstica;Coleta de material;1
HRBJA;2025;8;Procedimentos com finalidade diagnóstica;Diagnóstico e procedimentos especiais em hemoterapia;81
HRBJA;2025;8;Procedimentos com finalidade diagnóstica;Diagnóstico em laboratório clínico;32257
HRBJA;2025;8;Procedimentos com finalidade diagnóstica;Diagnóstico por anatomia patológica e citopatologia;4
HRBJA;2025;8;Procedimentos com finalidade diagnóstica;Diagnóstico por endoscopia;29
HRBJA;2025;8;Procedimentos com finalidade diagnóstica;Diagnóstico por radiologia;2200
HRBJA;2025;8;Procedimentos com finalidade diagnóstica;Diagnóstico por radiologia intervencionista;1
HRBJA;2025;8;Procedimentos com finalidade diagnóstica;Diagnóstico por ressonância magnética;16
HRBJA;2025;8;Procedimentos com finalidade diagnóstica;Diagnóstico por teste rápido;9483
HRBJA;2025;8;Procedimentos com finalidade diagnóstica;Diagnóstico por tomografia;1253
HRBJA;2025;8;Procedimentos com finalidade diagnóstica;Diagnóstico por ultrasonografia;312
HRBJA;2025;8;Procedimentos com finalidade diagnóstica;Métodos diagnósticos em especialidades;1458
HRBJA;2025;9;Procedimentos com finalidade diagnóstica;Coleta de material;2
HRBJA;2025;9;Procedimentos com finalidade diagnóstica;Diagnóstico e procedimentos especiais em hemoterapia;56
HRBJA;2025;9;Procedimentos com finalidade diagnóstica;Diagnóstico em laboratório clínico;33297
HRBJA;2025;9;Procedimentos com finalidade diagnóstica;Diagnóstico por anatomia patológica e citopatologia;14
HRBJA;2025;9;Procedimentos com finalidade diagnóstica;Diagnóstico por endoscopia;27
HRBJA;2025;9;Procedimentos com finalidade diagnóstica;Diagnóstico por radiologia;2084
HRBJA;2025;9;Procedimentos com finalidade diagnóstica;Diagnóstico por radiologia intervencionista;4
HRBJA;2025;9;Procedimentos com finalidade diagnóstica;Diagnóstico por ressonância magnética;44
HRBJA;2025;9;Procedimentos com finalidade diagnóstica;Diagnóstico por teste rápido;9738
HRBJA;2025;9;Procedimentos com finalidade diagnóstica;Diagnóstico por tomografia;1191
HRBJA;2025;9;Procedimentos com finalidade diagnóstica;Diagnóstico por ultrasonografia;325
HRBJA;2025;9;Procedimentos com finalidade diagnóstica;Métodos diagnósticos em especialidades;1406
HRBJA;2025;10;Procedimentos com finalidade diagnóstica;Diagnóstico e procedimentos especiais em hemoterapia;87
HRBJA;2025;10;Procedimentos com finalidade diagnóstica;Diagnóstico em laboratório clínico;32144
HRBJA;2025;10;Procedimentos com finalidade diagnóstica;Diagnóstico por anatomia patológica e citopatologia;14
HRBJA;2025;10;Procedimentos com finalidade diagnóstica;Diagnóstico por endoscopia;24
HRBJA;2025;10;Procedimentos com finalidade diagnóstica;Diagnóstico por radiologia;2240
HRBJA;2025;10;Procedimentos com finalidade diagnóstica;Diagnóstico por radiologia intervencionista;1
HRBJA;2025;10;Procedimentos com finalidade diagnóstica;Diagnóstico por ressonância magnética;28
HRBJA;2025;10;Procedimentos com finalidade diagnóstica;Diagnóstico por teste rápido;8073
HRBJA;2025;10;Procedimentos com finalidade diagnóstica;Diagnóstico por tomografia;1274
HRBJA;2025;10;Procedimentos com finalidade diagnóstica;Diagnóstico por ultrasonografia;345
HRBJA;2025;10;Procedimentos com finalidade diagnóstica;Métodos diagnósticos em especialidades;1498
HRBJA;2025;11;Procedimentos com finalidade diagnóstica;Coleta de material;1
HRBJA;2025;11;Procedimentos com finalidade diagnóstica;Diagnóstico e procedimentos especiais em hemoterapia;97
HRBJA;2025;11;Procedimentos com finalidade diagnóstica;Diagnóstico em laboratório clínico;28425
HRBJA;2025;11;Procedimentos com finalidade diagnóstica;Diagnóstico por anatomia patológica e citopatologia;5
HRBJA;2025;11;Procedimentos com finalidade diagnóstica;Diagnóstico por endoscopia;27
HRBJA;2025;11;Procedimentos com finalidade diagnóstica;Diagnóstico por radiologia;1890
HRBJA;2025;11;Procedimentos com finalidade diagnóstica;Diagnóstico por radiologia intervencionista;1
HRBJA;2025;11;Procedimentos com finalidade diagnóstica;Diagnóstico por ressonância magnética;22
HRBJA;2025;11;Procedimentos com finalidade diagnóstica;Diagnóstico por teste rápido;7585
HRBJA;2025;11;Procedimentos com finalidade diagnóstica;Diagnóstico por tomografia;1122
HRBJA;2025;11;Procedimentos com finalidade diagnóstica;Diagnóstico por ultrasonografia;285
HRBJA;2025;11;Procedimentos com finalidade diagnóstica;Métodos diagnósticos em especialidades;1433
HRJP;2025;1;Procedimentos com finalidade diagnóstica;Coleta de material;2
HRJP;2025;1;Procedimentos com finalidade diagnóstica;Diagnóstico e procedimentos especiais em hemoterapia;52
HRJP;2025;1;Procedimentos com finalidade diagnóstica;Diagnóstico em laboratório clínico;8342
HRJP;2025;1;Procedimentos com finalidade diagnóstica;Diagnóstico por anatomia patológica e citopatologia;67
HRJP;2025;1;Procedimentos com finalidade diagnóstica;Diagnóstico por endoscopia;57
HRJP;2025;1;Procedimentos com finalidade diagnóstica;Diagnóstico por radiologia;865
HRJP;2025;1;Procedimentos com finalidade diagnóstica;Diagnóstico por radiologia intervencionista;133
HRJP;2025;1;Procedimentos com finalidade diagnóstica;Diagnóstico por ressonância magnética;1
HRJP;2025;1;Procedimentos com finalidade diagnóstica;Diagnóstico por teste rápido;2655
HRJP;2025;1;Procedimentos com finalidade diagnóstica;Diagnóstico por tomografia;150
HRJP;2025;1;Procedimentos com finalidade diagnóstica;Diagnóstico por ultrasonografia;400
HRJP;2025;1;Procedimentos com finalidade diagnóstica;Métodos diagnósticos em especialidades;1074
HRJP;2025;2;Procedimentos com finalidade diagnóstica;Coleta de material;9
HRJP;2025;2;Procedimentos com finalidade diagnóstica;Diagnóstico e procedimentos especiais em hemoterapia;72
HRJP;2025;2;Procedimentos com finalidade diagnóstica;Diagnóstico em laboratório clínico;9600
HRJP;2025;2;Procedimentos com finalidade diagnóstica;Diagnóstico por anatomia patológica e citopatologia;93
HRJP;2025;2;Procedimentos com finalidade diagnóstica;Diagnóstico por endoscopia;86
HRJP;2025;2;Procedimentos com finalidade diagnóstica;Diagnóstico por radiologia;734
HRJP;2025;2;Procedimentos com finalidade diagnóstica;Diagnóstico por radiologia intervencionista;145
HRJP;2025;2;Procedimentos com finalidade diagnóstica;Diagnóstico por ressonância magnética;4
HRJP;2025;2;Procedimentos com finalidade diagnóstica;Diagnóstico por teste rápido;2532
HRJP;2025;2;Procedimentos com finalidade diagnóstica;Diagnóstico por tomografia;217
HRJP;2025;2;Procedimentos com finalidade diagnóstica;Diagnóstico por ultrasonografia;509
HRJP;2025;2;Procedimentos com finalidade diagnóstica;Métodos diagnósticos em especialidades;1284
HRJP;2025;3;Procedimentos com finalidade diagnóstica;Coleta de material;5
HRJP;2025;3;Procedimentos com finalidade diagnóstica;Diagnóstico e procedimentos especiais em hemoterapia;122
HRJP;2025;3;Procedimentos com finalidade diagnóstica;Diagnóstico em laboratório clínico;12136
HRJP;2025;3;Procedimentos com finalidade diagnóstica;Diagnóstico por anatomia patológica e citopatologia;98
HRJP;2025;3;Procedimentos com finalidade diagnóstica;Diagnóstico por endoscopia;74
HRJP;2025;3;Procedimentos com finalidade diagnóstica;Diagnóstico por radiologia;852
HRJP;2025;3;Procedimentos com finalidade diagnóstica;Diagnóstico por ressonância magnética;5
HRJP;2025;3;Procedimentos com finalidade diagnóstica;Diagnóstico por teste rápido;3438
HRJP;2025;3;Procedimentos com finalidade diagnóstica;Diagnóstico por tomografia;300
HRJP;2025;3;Procedimentos com finalidade diagnóstica;Diagnóstico por ultrasonografia;532
HRJP;2025;3;Procedimentos com finalidade diagnóstica;Métodos diagnósticos em especialidades;1778
HRJP;2025;4;Procedimentos com finalidade diagnóstica;Coleta de material;9
HRJP;2025;4;Procedimentos com finalidade diagnóstica;Diagnóstico e procedimentos especiais em hemoterapia;98
HRJP;2025;4;Procedimentos com finalidade diagnóstica;Diagnóstico em laboratório clínico;12292
HRJP;2025;4;Procedimentos com finalidade diagnóstica;Diagnóstico por anatomia patológica e citopatologia;113
HRJP;2025;4;Procedimentos com finalidade diagnóstica;Diagnóstico por endoscopia;66
HRJP;2025;4;Procedimentos com finalidade diagnóstica;Diagnóstico por radiologia;986
HRJP;2025;4;Procedimentos com finalidade diagnóstica;Diagnóstico por ressonância magnética;7
HRJP;2025;4;Procedimentos com finalidade diagnóstica;Diagnóstico por teste rápido;2285
HRJP;2025;4;Procedimentos com finalidade diagnóstica;Diagnóstico por tomografia;263
HRJP;2025;4;Procedimentos com finalidade diagnóstica;Diagnóstico por ultrasonografia;666
HRJP;2025;4;Procedimentos com finalidade diagnóstica;Métodos diagnósticos em especialidades;1970
HRJP;2025;5;Procedimentos com finalidade diagnóstica;Coleta de material;138
HRJP;2025;5;Procedimentos com finalidade diagnóstica;Diagnóstico e procedimentos especiais em hemoterapia;112
HRJP;2025;5;Procedimentos com finalidade diagnóstica;Diagnóstico em laboratório clínico;13396
HRJP;2025;5;Procedimentos com finalidade diagnóstica;Diagnóstico por anatomia patológica e citopatologia;118
HRJP;2025;5;Procedimentos com finalidade diagnóstica;Diagnóstico por endoscopia;94
HRJP;2025;5;Procedimentos com finalidade diagnóstica;Diagnóstico por radiologia;1179
HRJP;2025;5;Procedimentos com finalidade diagnóstica;Diagnóstico por ressonância magnética;4
HRJP;2025;5;Procedimentos com finalidade diagnóstica;Diagnóstico por teste rápido;2467
HRJP;2025;5;Procedimentos com finalidade diagnóstica;Diagnóstico por tomografia;270
HRJP;2025;5;Procedimentos com finalidade diagnóstica;Diagnóstico por ultrasonografia;639
HRJP;2025;5;Procedimentos com finalidade diagnóstica;Métodos diagnósticos em especialidades;2080
HRJP;2025;6;Procedimentos com finalidade diagnóstica;Coleta de material;128
HRJP;2025;6;Procedimentos com finalidade diagnóstica;Diagnóstico e procedimentos especiais em hemoterapia;98
HRJP;2025;6;Procedimentos com finalidade diagnóstica;Diagnóstico em laboratório clínico;12420
HRJP;2025;6;Procedimentos com finalidade diagnóstica;Diagnóstico em vigilância epidemiológica e ambiental;12
HRJP;2025;6;Procedimentos com finalidade diagnóstica;Diagnóstico por anatomia patológica e citopatologia;128
HRJP;2025;6;Procedimentos com finalidade diagnóstica;Diagnóstico por endoscopia;93
HRJP;2025;6;Procedimentos com finalidade diagnóstica;Diagnóstico por radiologia;1015
HRJP;2025;6;Procedimentos com finalidade diagnóstica;Diagnóstico por ressonância magnética;2
HRJP;2025;6;Procedimentos com finalidade diagnóstica;Diagnóstico por teste rápido;2082
HRJP;2025;6;Procedimentos com finalidade diagnóstica;Diagnóstico por tomografia;318
HRJP;2025;6;Procedimentos com finalidade diagnóstica;Diagnóstico por ultrasonografia;545
HRJP;2025;6;Procedimentos com finalidade diagnóstica;Métodos diagnósticos em especialidades;1785
HRJP;2025;7;Procedimentos com finalidade diagnóstica;Coleta de material;24
HRJP;2025;7;Procedimentos com finalidade diagnóstica;Diagnóstico e procedimentos especiais em hemoterapia;90
HRJP;2025;7;Procedimentos com finalidade diagnóstica;Diagnóstico em laboratório clínico;11891
HRJP;2025;7;Procedimentos com finalidade diagnóstica;Diagnóstico em vigilância epidemiológica e ambiental;50
HRJP;2025;7;Procedimentos com finalidade diagnóstica;Diagnóstico por anatomia patológica e citopatologia;123
HRJP;2025;7;Procedimentos com finalidade diagnóstica;Diagnóstico por endoscopia;76
HRJP;2025;7;Procedimentos com finalidade diagnóstica;Diagnóstico por radiologia;963
HRJP;2025;7;Procedimentos com finalidade diagnóstica;Diagnóstico por ressonância magnética;5
HRJP;2025;7;Procedimentos com finalidade diagnóstica;Diagnóstico por teste rápido;2298
HRJP;2025;7;Procedimentos com finalidade diagnóstica;Diagnóstico por tomografia;261
HRJP;2025;7;Procedimentos com finalidade diagnóstica;Diagnóstico por ultrasonografia;638
HRJP;2025;7;Procedimentos com finalidade diagnóstica;Métodos diagnósticos em especialidades;1426
HRJP;2025;8;Procedimentos com finalidade diagnóstica;Coleta de material;172
HRJP;2025;8;Procedimentos com finalidade diagnóstica;Diagnóstico e procedimentos especiais em hemoterapia;72
HRJP;2025;8;Procedimentos com finalidade diagnóstica;Diagnóstico em laboratório clínico;11869
HRJP;2025;8;Procedimentos com finalidade diagnóstica;Diagnóstico em vigilância epidemiológica e ambiental;35
HRJP;2025;8;Procedimentos com finalidade diagnóstica;Diagnóstico por anatomia patológica e citopatologia;116
HRJP;2025;8;Procedimentos com finalidade diagnóstica;Diagnóstico por endoscopia;66
HRJP;2025;8;Procedimentos com finalidade diagnóstica;Diagnóstico por radiologia;1080
HRJP;2025;8;Procedimentos com finalidade diagnóstica;Diagnóstico por ressonância magnética;2
HRJP;2025;8;Procedimentos com finalidade diagnóstica;Diagnóstico por teste rápido;2368
HRJP;2025;8;Procedimentos com finalidade diagnóstica;Diagnóstico por tomografia;354
HRJP;2025;8;Procedimentos com finalidade diagnóstica;Diagnóstico por ultrasonografia;604
HRJP;2025;8;Procedimentos com finalidade diagnóstica;Métodos diagnósticos em especialidades;1665
HRJP;2025;9;Procedimentos com finalidade diagnóstica;Coleta de material;127
HRJP;2025;9;Procedimentos com finalidade diagnóstica;Diagnóstico e procedimentos especiais em hemoterapia;88
HRJP;2025;9;Procedimentos com finalidade diagnóstica;Diagnóstico em laboratório clínico;12335
HRJP;2025;9;Procedimentos com finalidade diagnóstica;Diagnóstico em vigilância epidemiológica e ambiental;29
HRJP;2025;9;Procedimentos com finalidade diagnóstica;Diagnóstico por anatomia patológica e citopatologia;111
HRJP;2025;9;Procedimentos com finalidade diagnóstica;Diagnóstico por endoscopia;79
HRJP;2025;9;Procedimentos com finalidade diagnóstica;Diagnóstico por radiologia;1016
HRJP;2025;9;Procedimentos com finalidade diagnóstica;Diagnóstico por ressonância magnética;11
HRJP;2025;9;Procedimentos com finalidade diagnóstica;Diagnóstico por teste rápido;3315
HRJP;2025;9;Procedimentos com finalidade diagnóstica;Diagnóstico por tomografia;429
HRJP;2025;9;Procedimentos com finalidade diagnóstica;Diagnóstico por ultrasonografia;668
HRJP;2025;9;Procedimentos com finalidade diagnóstica;Métodos diagnósticos em especialidades;1431
HRJP;2025;10;Procedimentos com finalidade diagnóstica;Coleta de material;135
HRJP;2025;10;Procedimentos com finalidade diagnóstica;Diagnóstico e procedimentos especiais em hemoterapia;100
HRJP;2025;10;Procedimentos com finalidade diagnóstica;Diagnóstico em laboratório clínico;13215
HRJP;2025;10;Procedimentos com finalidade diagnóstica;Diagnóstico em vigilância epidemiológica e ambiental;51
HRJP;2025;10;Procedimentos com finalidade diagnóstica;Diagnóstico por anatomia patológica e citopatologia;145
HRJP;2025;10;Procedimentos com finalidade diagnóstica;Diagnóstico por endoscopia;71
HRJP;2025;10;Procedimentos com finalidade diagnóstica;Diagnóstico por radiologia;1109
HRJP;2025;10;Procedimentos com finalidade diagnóstica;Diagnóstico por ressonância magnética;9
HRJP;2025;10;Procedimentos com finalidade diagnóstica;Diagnóstico por teste rápido;3243
HRJP;2025;10;Procedimentos com finalidade diagnóstica;Diagnóstico por tomografia;448
HRJP;2025;10;Procedimentos com finalidade diagnóstica;Diagnóstico por ultrasonografia;717
HRJP;2025;10;Procedimentos com finalidade diagnóstica;Métodos diagnósticos em especialidades;1556
HRJP;2025;11;Procedimentos com finalidade diagnóstica;Coleta de material;135
HRJP;2025;11;Procedimentos com finalidade diagnóstica;Diagnóstico e procedimentos especiais em hemoterapia;102
HRJP;2025;11;Procedimentos com finalidade diagnóstica;Diagnóstico em laboratório clínico;12639
HRJP;2025;11;Procedimentos com finalidade diagnóstica;Diagnóstico em vigilância epidemiológica e ambiental;43
HRJP;2025;11;Procedimentos com finalidade diagnóstica;Diagnóstico por anatomia patológica e citopatologia;115
HRJP;2025;11;Procedimentos com finalidade diagnóstica;Diagnóstico por endoscopia;63
HRJP;2025;11;Procedimentos com finalidade diagnóstica;Diagnóstico por radiologia;911
HRJP;2025;11;Procedimentos com finalidade diagnóstica;Diagnóstico por ressonância magnética;2
HRJP;2025;11;Procedimentos com finalidade diagnóstica;Diagnóstico por teste rápido;2954
HRJP;2025;11;Procedimentos com finalidade diagnóstica;Diagnóstico por tomografia;437
HRJP;2025;11;Procedimentos com finalidade diagnóstica;Diagnóstico por ultrasonografia;552
HRJP;2025;11;Procedimentos com finalidade diagnóstica;Métodos diagnósticos em especialidades;1223
IRS;2025;1;Procedimentos com finalidade diagnóstica;Diagnóstico em laboratório clínico;1085
IRS;2025;1;Procedimentos com finalidade diagnóstica;Diagnóstico por teste rápido;52
IRS;2025;1;Procedimentos com finalidade diagnóstica;Métodos diagnósticos em especialidades;2
IRS;2025;2;Procedimentos com finalidade diagnóstica;Diagnóstico em laboratório clínico;543
IRS;2025;2;Procedimentos com finalidade diagnóstica;Diagnóstico por teste rápido;194
IRS;2025;2;Procedimentos com finalidade diagnóstica;Diagnóstico por ultrasonografia;1
IRS;2025;2;Procedimentos com finalidade diagnóstica;Métodos diagnósticos em especialidades;10
IRS;2025;3;Procedimentos com finalidade diagnóstica;Diagnóstico em laboratório clínico;1790
IRS;2025;3;Procedimentos com finalidade diagnóstica;Diagnóstico por teste rápido;395
IRS;2025;3;Procedimentos com finalidade diagnóstica;Métodos diagnósticos em especialidades;4
IRS;2025;4;Procedimentos com finalidade diagnóstica;Diagnóstico em laboratório clínico;1816
IRS;2025;4;Procedimentos com finalidade diagnóstica;Diagnóstico em vigilância epidemiológica e ambiental;1
IRS;2025;4;Procedimentos com finalidade diagnóstica;Diagnóstico por teste rápido;204
IRS;2025;4;Procedimentos com finalidade diagnóstica;Métodos diagnósticos em especialidades;3
IRS;2025;5;Procedimentos com finalidade diagnóstica;Diagnóstico em laboratório clínico;1661
IRS;2025;5;Procedimentos com finalidade diagnóstica;Diagnóstico por radiologia;2
IRS;2025;5;Procedimentos com finalidade diagnóstica;Diagnóstico por teste rápido;99
IRS;2025;5;Procedimentos com finalidade diagnóstica;Métodos diagnósticos em especialidades;5
IRS;2025;6;Procedimentos com finalidade diagnóstica;Diagnóstico em laboratório clínico;1838
IRS;2025;6;Procedimentos com finalidade diagnóstica;Diagnóstico por teste rápido;513
IRS;2025;6;Procedimentos com finalidade diagnóstica;Métodos diagnósticos em especialidades;8
IRS;2025;7;Procedimentos com finalidade diagnóstica;Diagnóstico em laboratório clínico;1762
IRS;2025;7;Procedimentos com finalidade diagnóstica;Diagnóstico em vigilância epidemiológica e ambiental;1
IRS;2025;7;Procedimentos com finalidade diagnóstica;Diagnóstico por teste rápido;334
IRS;2025;7;Procedimentos com finalidade diagnóstica;Métodos diagnósticos em especialidades;6
IRS;2025;8;Procedimentos com finalidade diagnóstica;Diagnóstico em laboratório clínico;1824
IRS;2025;8;Procedimentos com finalidade diagnóstica;Diagnóstico em vigilância epidemiológica e ambiental;3
IRS;2025;8;Procedimentos com finalidade diagnóstica;Diagnóstico por teste rápido;431
IRS;2025;8;Procedimentos com finalidade diagnóstica;Métodos diagnósticos em especialidades;5
IRS;2025;9;Procedimentos com finalidade diagnóstica;Diagnóstico em laboratório clínico;1687
IRS;2025;9;Procedimentos com finalidade diagnóstica;Diagnóstico em vigilância epidemiológica e ambiental;1
IRS;2025;9;Procedimentos com finalidade diagnóstica;Diagnóstico por radiologia;1
IRS;2025;9;Procedimentos com finalidade diagnóstica;Diagnóstico por teste rápido;542
IRS;2025;9;Procedimentos com finalidade diagnóstica;Métodos diagnósticos em especialidades;6
IRS;2025;10;Procedimentos com finalidade diagnóstica;Diagnóstico em laboratório clínico;2176
IRS;2025;10;Procedimentos com finalidade diagnóstica;Diagnóstico em vigilância epidemiológica e ambiental;2
IRS;2025;10;Procedimentos com finalidade diagnóstica;Diagnóstico por radiologia;1
IRS;2025;10;Procedimentos com finalidade diagnóstica;Diagnóstico por teste rápido;466
IRS;2025;10;Procedimentos com finalidade diagnóstica;Métodos diagnósticos em especialidades;8
IRS;2025;11;Procedimentos com finalidade diagnóstica;Diagnóstico em laboratório clínico;1953
IRS;2025;11;Procedimentos com finalidade diagnóstica;Diagnóstico por radiologia;3
IRS;2025;11;Procedimentos com finalidade diagnóstica;Diagnóstico por teste rápido;764
IRS;2025;11;Procedimentos com finalidade diagnóstica;Métodos diagnósticos em especialidades;4
MOV;2025;1;Procedimentos com finalidade diagnóstica;Coleta de material;109
MOV;2025;1;Procedimentos com finalidade diagnóstica;Diagnóstico e procedimentos especiais em hemoterapia;103
MOV;2025;1;Procedimentos com finalidade diagnóstica;Diagnóstico em laboratório clínico;10122
MOV;2025;1;Procedimentos com finalidade diagnóstica;Diagnóstico em vigilância epidemiológica e ambiental;1
MOV;2025;1;Procedimentos com finalidade diagnóstica;Diagnóstico por anatomia patológica e citopatologia;138
MOV;2025;1;Procedimentos com finalidade diagnóstica;Diagnóstico por radiologia;464
MOV;2025;1;Procedimentos com finalidade diagnóstica;Diagnóstico por ressonância magnética;6
MOV;2025;1;Procedimentos com finalidade diagnóstica;Diagnóstico por teste rápido;2614
MOV;2025;1;Procedimentos com finalidade diagnóstica;Diagnóstico por tomografia;17
MOV;2025;1;Procedimentos com finalidade diagnóstica;Diagnóstico por ultrasonografia;942
MOV;2025;1;Procedimentos com finalidade diagnóstica;Métodos diagnósticos em especialidades;909
MOV;2025;2;Procedimentos com finalidade diagnóstica;Coleta de material;164
MOV;2025;2;Procedimentos com finalidade diagnóstica;Diagnóstico e procedimentos especiais em hemoterapia;67
MOV;2025;2;Procedimentos com finalidade diagnóstica;Diagnóstico em laboratório clínico;9173
MOV;2025;2;Procedimentos com finalidade diagnóstica;Diagnóstico por anatomia patológica e citopatologia;201
MOV;2025;2;Procedimentos com finalidade diagnóstica;Diagnóstico por endoscopia;5
MOV;2025;2;Procedimentos com finalidade diagnóstica;Diagnóstico por radiologia;403
MOV;2025;2;Procedimentos com finalidade diagnóstica;Diagnóstico por ressonância magnética;4
MOV;2025;2;Procedimentos com finalidade diagnóstica;Diagnóstico por teste rápido;2431
MOV;2025;2;Procedimentos com finalidade diagnóstica;Diagnóstico por tomografia;9
MOV;2025;2;Procedimentos com finalidade diagnóstica;Diagnóstico por ultrasonografia;927
MOV;2025;2;Procedimentos com finalidade diagnóstica;Métodos diagnósticos em especialidades;815
MOV;2025;3;Procedimentos com finalidade diagnóstica;Coleta de material;150
MOV;2025;3;Procedimentos com finalidade diagnóstica;Diagnóstico e procedimentos especiais em hemoterapia;76
MOV;2025;3;Procedimentos com finalidade diagnóstica;Diagnóstico em laboratório clínico;9285
MOV;2025;3;Procedimentos com finalidade diagnóstica;Diagnóstico por anatomia patológica e citopatologia;201
MOV;2025;3;Procedimentos com finalidade diagnóstica;Diagnóstico por radiologia;432
MOV;2025;3;Procedimentos com finalidade diagnóstica;Diagnóstico por ressonância magnética;2
MOV;2025;3;Procedimentos com finalidade diagnóstica;Diagnóstico por teste rápido;2654
MOV;2025;3;Procedimentos com finalidade diagnóstica;Diagnóstico por tomografia;14
MOV;2025;3;Procedimentos com finalidade diagnóstica;Diagnóstico por ultrasonografia;821
MOV;2025;3;Procedimentos com finalidade diagnóstica;Métodos diagnósticos em especialidades;904
MOV;2025;4;Procedimentos com finalidade diagnóstica;Coleta de material;173
MOV;2025;4;Procedimentos com finalidade diagnóstica;Diagnóstico e procedimentos especiais em hemoterapia;77
MOV;2025;4;Procedimentos com finalidade diagnóstica;Diagnóstico em laboratório clínico;9304
MOV;2025;4;Procedimentos com finalidade diagnóstica;Diagnóstico em vigilância epidemiológica e ambiental;1
MOV;2025;4;Procedimentos com finalidade diagnóstica;Diagnóstico por anatomia patológica e citopatologia;173
MOV;2025;4;Procedimentos com finalidade diagnóstica;Diagnóstico por radiologia;410
MOV;2025;4;Procedimentos com finalidade diagnóstica;Diagnóstico por ressonância magnética;4
MOV;2025;4;Procedimentos com finalidade diagnóstica;Diagnóstico por teste rápido;2748
MOV;2025;4;Procedimentos com finalidade diagnóstica;Diagnóstico por tomografia;22
MOV;2025;4;Procedimentos com finalidade diagnóstica;Diagnóstico por ultrasonografia;732
MOV;2025;4;Procedimentos com finalidade diagnóstica;Métodos diagnósticos em especialidades;918
MOV;2025;5;Procedimentos com finalidade diagnóstica;Coleta de material;128
MOV;2025;5;Procedimentos com finalidade diagnóstica;Diagnóstico e procedimentos especiais em hemoterapia;95
MOV;2025;5;Procedimentos com finalidade diagnóstica;Diagnóstico em laboratório clínico;8720
MOV;2025;5;Procedimentos com finalidade diagnóstica;Diagnóstico por anatomia patológica e citopatologia;186
MOV;2025;5;Procedimentos com finalidade diagnóstica;Diagnóstico por radiologia;411
MOV;2025;5;Procedimentos com finalidade diagnóstica;Diagnóstico por ressonância magnética;6
MOV;2025;5;Procedimentos com finalidade diagnóstica;Diagnóstico por teste rápido;3046
MOV;2025;5;Procedimentos com finalidade diagnóstica;Diagnóstico por tomografia;13
MOV;2025;5;Procedimentos com finalidade diagnóstica;Diagnóstico por ultrasonografia;626
MOV;2025;5;Procedimentos com finalidade diagnóstica;Métodos diagnósticos em especialidades;885
MOV;2025;6;;;1
MOV;2025;6;Procedimentos com finalidade diagnóstica;Coleta de material;150
MOV;2025;6;Procedimentos com finalidade diagnóstica;Diagnóstico e procedimentos especiais em hemoterapia;61
MOV;2025;6;Procedimentos com finalidade diagnóstica;Diagnóstico em laboratório clínico;8583
MOV;2025;6;Procedimentos com finalidade diagnóstica;Diagnóstico em vigilância epidemiológica e ambiental;21
MOV;2025;6;Procedimentos com finalidade diagnóstica;Diagnóstico por anatomia patológica e citopatologia;189
MOV;2025;6;Procedimentos com finalidade diagnóstica;Diagnóstico por endoscopia;1
MOV;2025;6;Procedimentos com finalidade diagnóstica;Diagnóstico por radiologia;462
MOV;2025;6;Procedimentos com finalidade diagnóstica;Diagnóstico por ressonância magnética;2
MOV;2025;6;Procedimentos com finalidade diagnóstica;Diagnóstico por teste rápido;2596
MOV;2025;6;Procedimentos com finalidade diagnóstica;Diagnóstico por tomografia;20
MOV;2025;6;Procedimentos com finalidade diagnóstica;Diagnóstico por ultrasonografia;759
MOV;2025;6;Procedimentos com finalidade diagnóstica;Métodos diagnósticos em especialidades;920
MOV;2025;7;Procedimentos com finalidade diagnóstica;Coleta de material;103
MOV;2025;7;Procedimentos com finalidade diagnóstica;Diagnóstico e procedimentos especiais em hemoterapia;50
MOV;2025;7;Procedimentos com finalidade diagnóstica;Diagnóstico em laboratório clínico;9686
MOV;2025;7;Procedimentos com finalidade diagnóstica;Diagnóstico em vigilância epidemiológica e ambiental;68
MOV;2025;7;Procedimentos com finalidade diagnóstica;Diagnóstico por anatomia patológica e citopatologia;177
MOV;2025;7;Procedimentos com finalidade diagnóstica;Diagnóstico por endoscopia;3
MOV;2025;7;Procedimentos com finalidade diagnóstica;Diagnóstico por radiologia;452
MOV;2025;7;Procedimentos com finalidade diagnóstica;Diagnóstico por ressonância magnética;3
MOV;2025;7;Procedimentos com finalidade diagnóstica;Diagnóstico por teste rápido;2361
MOV;2025;7;Procedimentos com finalidade diagnóstica;Diagnóstico por tomografia;9
MOV;2025;7;Procedimentos com finalidade diagnóstica;Diagnóstico por ultrasonografia;837
MOV;2025;7;Procedimentos com finalidade diagnóstica;Métodos diagnósticos em especialidades;832
MOV;2025;8;Procedimentos com finalidade diagnóstica;Coleta de material;119
MOV;2025;8;Procedimentos com finalidade diagnóstica;Diagnóstico e procedimentos especiais em hemoterapia;63
MOV;2025;8;Procedimentos com finalidade diagnóstica;Diagnóstico em laboratório clínico;10317
MOV;2025;8;Procedimentos com finalidade diagnóstica;Diagnóstico em vigilância epidemiológica e ambiental;115
MOV;2025;8;Procedimentos com finalidade diagnóstica;Diagnóstico por anatomia patológica e citopatologia;177
MOV;2025;8;Procedimentos com finalidade diagnóstica;Diagnóstico por endoscopia;2
MOV;2025;8;Procedimentos com finalidade diagnóstica;Diagnóstico por radiologia;370
MOV;2025;8;Procedimentos com finalidade diagnóstica;Diagnóstico por ressonância magnética;3
MOV;2025;8;Procedimentos com finalidade diagnóstica;Diagnóstico por teste rápido;2882
MOV;2025;8;Procedimentos com finalidade diagnóstica;Diagnóstico por tomografia;33
MOV;2025;8;Procedimentos com finalidade diagnóstica;Diagnóstico por ultrasonografia;824
MOV;2025;8;Procedimentos com finalidade diagnóstica;Métodos diagnósticos em especialidades;767
MOV;2025;9;Procedimentos com finalidade diagnóstica;Coleta de material;117
MOV;2025;9;Procedimentos com finalidade diagnóstica;Diagnóstico e procedimentos especiais em hemoterapia;44
MOV;2025;9;Procedimentos com finalidade diagnóstica;Diagnóstico em laboratório clínico;8852
MOV;2025;9;Procedimentos com finalidade diagnóstica;Diagnóstico em vigilância epidemiológica e ambiental;53
MOV;2025;9;Procedimentos com finalidade diagnóstica;Diagnóstico por anatomia patológica e citopatologia;138
MOV;2025;9;Procedimentos com finalidade diagnóstica;Diagnóstico por endoscopia;3
MOV;2025;9;Procedimentos com finalidade diagnóstica;Diagnóstico por radiologia;327
MOV;2025;9;Procedimentos com finalidade diagnóstica;Diagnóstico por ressonância magnética;14
MOV;2025;9;Procedimentos com finalidade diagnóstica;Diagnóstico por teste rápido;1966
MOV;2025;9;Procedimentos com finalidade diagnóstica;Diagnóstico por tomografia;15
MOV;2025;9;Procedimentos com finalidade diagnóstica;Diagnóstico por ultrasonografia;752
MOV;2025;9;Procedimentos com finalidade diagnóstica;Métodos diagnósticos em especialidades;796
MOV;2025;10;Procedimentos com finalidade diagnóstica;Coleta de material;120
MOV;2025;10;Procedimentos com finalidade diagnóstica;Diagnóstico e procedimentos especiais em hemoterapia;50
MOV;2025;10;Procedimentos com finalidade diagnóstica;Diagnóstico em laboratório clínico;8421
MOV;2025;10;Procedimentos com finalidade diagnóstica;Diagnóstico em vigilância epidemiológica e ambiental;9
MOV;2025;10;Procedimentos com finalidade diagnóstica;Diagnóstico por anatomia patológica e citopatologia;112
MOV;2025;10;Procedimentos com finalidade diagnóstica;Diagnóstico por endoscopia;1
MOV;2025;10;Procedimentos com finalidade diagnóstica;Diagnóstico por radiologia;340
MOV;2025;10;Procedimentos com finalidade diagnóstica;Diagnóstico por ressonância magnética;3
MOV;2025;10;Procedimentos com finalidade diagnóstica;Diagnóstico por teste rápido;2929
MOV;2025;10;Procedimentos com finalidade diagnóstica;Diagnóstico por tomografia;22
MOV;2025;10;Procedimentos com finalidade diagnóstica;Diagnóstico por ultrasonografia;787
MOV;2025;10;Procedimentos com finalidade diagnóstica;Métodos diagnósticos em especialidades;681
MOV;2025;11;Procedimentos com finalidade diagnóstica;Coleta de material;101
MOV;2025;11;Procedimentos com finalidade diagnóstica;Diagnóstico e procedimentos especiais em hemoterapia;46
MOV;2025;11;Procedimentos com finalidade diagnóstica;Diagnóstico em laboratório clínico;8438
MOV;2025;11;Procedimentos com finalidade diagnóstica;Diagnóstico em vigilância epidemiológica e ambiental;4
MOV;2025;11;Procedimentos com finalidade diagnóstica;Diagnóstico por anatomia patológica e citopatologia;74
MOV;2025;11;Procedimentos com finalidade diagnóstica;Diagnóstico por endoscopia;11
MOV;2025;11;Procedimentos com finalidade diagnóstica;Diagnóstico por radiologia;357
MOV;2025;11;Procedimentos com finalidade diagnóstica;Diagnóstico por teste rápido;2328
MOV;2025;11;Procedimentos com finalidade diagnóstica;Diagnóstico por tomografia;7
MOV;2025;11;Procedimentos com finalidade diagnóstica;Diagnóstico por ultrasonografia;789
MOV;2025;11;Procedimentos com finalidade diagnóstica;Métodos diagnósticos em especialidades;627
